image_path,english_word_label
./wingding_word_images/word_1.png,graceful
./wingding_word_images/word_2.png,fable
./wingding_word_images/word_3.png,euphoria
./wingding_word_images/word_4.png,dusk
./wingding_word_images/word_5.png,celestial
./wingding_word_images/word_6.png,bedazzle
./wingding_word_images/word_7.png,amity
./wingding_word_images/word_8.png,zenithal
./wingding_word_images/word_9.png,yielding
./wingding_word_images/word_10.png,xenolith
./wingding_word_images/word_11.png,whimsy
./wingding_word_images/word_12.png,vagabond
./wingding_word_images/word_13.png,undulate
./wingding_word_images/word_14.png,tangible
./wingding_word_images/word_15.png,solstice
./wingding_word_images/word_16.png,reverence
./wingding_word_images/word_17.png,quintessence
./wingding_word_images/word_18.png,petrichor
./wingding_word_images/word_19.png,obelisk
./wingding_word_images/word_20.png,nebula
./wingding_word_images/word_21.png,mirthful
./wingding_word_images/word_22.png,lullaby
./wingding_word_images/word_23.png,keepsake
./wingding_word_images/word_24.png,jubilance
./wingding_word_images/word_25.png,incandescence
./wingding_word_images/word_26.png,halcyon
./wingding_word_images/word_27.png,gossamer
./wingding_word_images/word_28.png,foresight
./wingding_word_images/word_29.png,effulgence
./wingding_word_images/word_30.png,diaphanous
./wingding_word_images/word_31.png,chandelier
./wingding_word_images/word_32.png,bravado
./wingding_word_images/word_33.png,ambrosia
./wingding_word_images/word_34.png,zen-inspired
./wingding_word_images/word_35.png,yonderly
./wingding_word_images/word_36.png,xenophile
./wingding_word_images/word_37.png,wondrous
./wingding_word_images/word_38.png,vivid
./wingding_word_images/word_39.png,uplifting
./wingding_word_images/word_40.png,tranquilize
./wingding_word_images/word_41.png,shimmer
./wingding_word_images/word_42.png,reflection
./wingding_word_images/word_43.png,quixotic
./wingding_word_images/word_44.png,pure
./wingding_word_images/word_45.png,oneness
./wingding_word_images/word_46.png,nature's
./wingding_word_images/word_47.png,marvel
./wingding_word_images/word_48.png,luminous
./wingding_word_images/word_49.png,kindle
./wingding_word_images/word_50.png,jewel
./wingding_word_images/word_51.png,iconic
./wingding_word_images/word_52.png,hope
./wingding_word_images/word_53.png,gentle
./wingding_word_images/word_54.png,felicity
./wingding_word_images/word_55.png,empower
./wingding_word_images/word_56.png,daydream
./wingding_word_images/word_57.png,celestial
./wingding_word_images/word_58.png,beyond
./wingding_word_images/word_59.png,alpha
./wingding_word_images/word_60.png,zen-like
./wingding_word_images/word_61.png,yearning
./wingding_word_images/word_62.png,xylophonist
./wingding_word_images/word_63.png,wayfarer
./wingding_word_images/word_64.png,vitality
./wingding_word_images/word_65.png,universal
./wingding_word_images/word_66.png,threshold
./wingding_word_images/word_67.png,stardust
./wingding_word_images/word_68.png,renaissance
./wingding_word_images/word_69.png,questing
./wingding_word_images/word_70.png,paragon
./wingding_word_images/word_71.png,orchestra
./wingding_word_images/word_72.png,nostalgia
./wingding_word_images/word_73.png,momentum
./wingding_word_images/word_74.png,landscape
./wingding_word_images/word_75.png,kismet
./wingding_word_images/word_76.png,jubilee
./wingding_word_images/word_77.png,illumination
./wingding_word_images/word_78.png,harmony
./wingding_word_images/word_79.png,glee
./wingding_word_images/word_80.png,fortitude
./wingding_word_images/word_81.png,equilibrium
./wingding_word_images/word_82.png,diversity
./wingding_word_images/word_83.png,charisma
./wingding_word_images/word_84.png,bravery
./wingding_word_images/word_85.png,archipelago
./wingding_word_images/word_86.png,zenithal
./wingding_word_images/word_87.png,young
./wingding_word_images/word_88.png,xenial
./wingding_word_images/word_89.png,wanderer
./wingding_word_images/word_90.png,virtue
./wingding_word_images/word_91.png,unity
./wingding_word_images/word_92.png,tranquility
./wingding_word_images/word_93.png,serenity
./wingding_word_images/word_94.png,reverie
./wingding_word_images/word_95.png,quietude
./wingding_word_images/word_96.png,peace
./wingding_word_images/word_97.png,overture
./wingding_word_images/word_98.png,notion
./wingding_word_images/word_99.png,muse
./wingding_word_images/word_100.png,loyalty
./wingding_word_images/word_101.png,kindness
./wingding_word_images/word_102.png,justice
./wingding_word_images/word_103.png,innovation
./wingding_word_images/word_104.png,halo
./wingding_word_images/word_105.png,growth
./wingding_word_images/word_106.png,fidelity
./wingding_word_images/word_107.png,essence
./wingding_word_images/word_108.png,diligence
./wingding_word_images/word_109.png,cosmos
./wingding_word_images/word_110.png,blaze
./wingding_word_images/word_111.png,azure
./wingding_word_images/word_112.png,zenith
./wingding_word_images/word_113.png,yield
./wingding_word_images/word_114.png,x-factor
./wingding_word_images/word_115.png,warmth
./wingding_word_images/word_116.png,vision
./wingding_word_images/word_117.png,unique
./wingding_word_images/word_118.png,trailblazer
./wingding_word_images/word_119.png,sublime
./wingding_word_images/word_120.png,resolve
./wingding_word_images/word_121.png,quester
./wingding_word_images/word_122.png,pristine
./wingding_word_images/word_123.png,opulence
./wingding_word_images/word_124.png,nature
./wingding_word_images/word_125.png,moment
./wingding_word_images/word_126.png,light
./wingding_word_images/word_127.png,knack
./wingding_word_images/word_128.png,jungle
./wingding_word_images/word_129.png,infinity
./wingding_word_images/word_130.png,happiness
./wingding_word_images/word_131.png,glow
./wingding_word_images/word_132.png,fountain
./wingding_word_images/word_133.png,effervescent
./wingding_word_images/word_134.png,dawn
./wingding_word_images/word_135.png,catalyst
./wingding_word_images/word_136.png,boundless
./wingding_word_images/word_137.png,aesthetic
./wingding_word_images/word_138.png,zen
./wingding_word_images/word_139.png,yesteryear
./wingding_word_images/word_140.png,x-ray
./wingding_word_images/word_141.png,whirlwind
./wingding_word_images/word_142.png,vista
./wingding_word_images/word_143.png,uplift
./wingding_word_images/word_144.png,timeless
./wingding_word_images/word_145.png,sanctuary
./wingding_word_images/word_146.png,resonance
./wingding_word_images/word_147.png,quintet
./wingding_word_images/word_148.png,potential
./wingding_word_images/word_149.png,origin
./wingding_word_images/word_150.png,novelty
./wingding_word_images/word_151.png,magnitude
./wingding_word_images/word_152.png,luster
./wingding_word_images/word_153.png,keystone
./wingding_word_images/word_154.png,jigsaw
./wingding_word_images/word_155.png,inception
./wingding_word_images/word_156.png,heartbeat
./wingding_word_images/word_157.png,glisten
./wingding_word_images/word_158.png,flourish
./wingding_word_images/word_159.png,epiphany
./wingding_word_images/word_160.png,dreamscape
./wingding_word_images/word_161.png,confluence
./wingding_word_images/word_162.png,beacon
./wingding_word_images/word_163.png,arcane
./wingding_word_images/word_164.png,zest
./wingding_word_images/word_165.png,youthful
./wingding_word_images/word_166.png,x-factor
./wingding_word_images/word_167.png,wanderlust
./wingding_word_images/word_168.png,verve
./wingding_word_images/word_169.png,unison
./wingding_word_images/word_170.png,transcendence
./wingding_word_images/word_171.png,solitude
./wingding_word_images/word_172.png,radiance
./wingding_word_images/word_173.png,quest
./wingding_word_images/word_174.png,perspective
./wingding_word_images/word_175.png,oasis
./wingding_word_images/word_176.png,nexus
./wingding_word_images/word_177.png,mystique
./wingding_word_images/word_178.png,legacy
./wingding_word_images/word_179.png,kinetic
./wingding_word_images/word_180.png,journey
./wingding_word_images/word_181.png,imagination
./wingding_word_images/word_182.png,horizon
./wingding_word_images/word_183.png,grace
./wingding_word_images/word_184.png,freedom
./wingding_word_images/word_185.png,enigma
./wingding_word_images/word_186.png,daybreak
./wingding_word_images/word_187.png,chrysalis
./wingding_word_images/word_188.png,buoyant
./wingding_word_images/word_189.png,alchemy
./wingding_word_images/word_190.png,zenith
./wingding_word_images/word_191.png,yearning
./wingding_word_images/word_192.png,xylophone
./wingding_word_images/word_193.png,wonderland
./wingding_word_images/word_194.png,vortex
./wingding_word_images/word_195.png,utopia
./wingding_word_images/word_196.png,tapestry
./wingding_word_images/word_197.png,serendipity
./wingding_word_images/word_198.png,renaissance
./wingding_word_images/word_199.png,quasar
./wingding_word_images/word_200.png,panorama
./wingding_word_images/word_201.png,optimism
./wingding_word_images/word_202.png,nuance
./wingding_word_images/word_203.png,melody
./wingding_word_images/word_204.png,luminary
./wingding_word_images/word_205.png,kindred
./wingding_word_images/word_206.png,jovial
./wingding_word_images/word_207.png,illumination
./wingding_word_images/word_208.png,halo
./wingding_word_images/word_209.png,gusto
./wingding_word_images/word_210.png,fervor
./wingding_word_images/word_211.png,eclipse
./wingding_word_images/word_212.png,delight
./wingding_word_images/word_213.png,clarity
./wingding_word_images/word_214.png,bliss
./wingding_word_images/word_215.png,ambience
./wingding_word_images/word_216.png,zephyr
./wingding_word_images/word_217.png,yonder
./wingding_word_images/word_218.png,xenon
./wingding_word_images/word_219.png,whimsical
./wingding_word_images/word_220.png,velocity
./wingding_word_images/word_221.png,umbrella
./wingding_word_images/word_222.png,tranquil
./wingding_word_images/word_223.png,symphony
./wingding_word_images/word_224.png,resilience
./wingding_word_images/word_225.png,quintessential
./wingding_word_images/word_226.png,paradigm
./wingding_word_images/word_227.png,odyssey
./wingding_word_images/word_228.png,nirvana
./wingding_word_images/word_229.png,momentum
./wingding_word_images/word_230.png,labyrinth
./wingding_word_images/word_231.png,kaleidoscope
./wingding_word_images/word_232.png,jubilant
./wingding_word_images/word_233.png,insight
./wingding_word_images/word_234.png,harmony
./wingding_word_images/word_235.png,galaxy
./wingding_word_images/word_236.png,flamboyant
./wingding_word_images/word_237.png,echo
./wingding_word_images/word_238.png,dynamo
./wingding_word_images/word_239.png,cascade
./wingding_word_images/word_240.png,brilliance
./wingding_word_images/word_241.png,abacus
./wingding_word_images/word_242.png,flower
./wingding_word_images/word_243.png,orange
./wingding_word_images/word_244.png,jungle
./wingding_word_images/word_245.png,dog
./wingding_word_images/word_246.png,beauty
./wingding_word_images/word_247.png,flower
./wingding_word_images/word_248.png,rock
./wingding_word_images/word_249.png,attitude
./wingding_word_images/word_250.png,customer
./wingding_word_images/word_251.png,animal
./wingding_word_images/word_252.png,table
./wingding_word_images/word_253.png,class
./wingding_word_images/word_254.png,lamp
./wingding_word_images/word_255.png,notebook
./wingding_word_images/word_256.png,achieve
./wingding_word_images/word_257.png,dolphin
./wingding_word_images/word_258.png,eagle
./wingding_word_images/word_259.png,ability
./wingding_word_images/word_260.png,volcano
./wingding_word_images/word_261.png,college
./wingding_word_images/word_262.png,xylophone
./wingding_word_images/word_263.png,plum
./wingding_word_images/word_264.png,camera
./wingding_word_images/word_265.png,zebra
./wingding_word_images/word_266.png,clear
./wingding_word_images/word_267.png,mango
./wingding_word_images/word_268.png,cycle
./wingding_word_images/word_269.png,airport
./wingding_word_images/word_270.png,jellyfish
./wingding_word_images/word_271.png,tiger
./wingding_word_images/word_272.png,grape
./wingding_word_images/word_273.png,zebra
./wingding_word_images/word_274.png,pencil
./wingding_word_images/word_275.png,author
./wingding_word_images/word_276.png,island
./wingding_word_images/word_277.png,unicorn
./wingding_word_images/word_278.png,yellow
./wingding_word_images/word_279.png,plum
./wingding_word_images/word_280.png,airplane
./wingding_word_images/word_281.png,border
./wingding_word_images/word_282.png,dog
./wingding_word_images/word_283.png,grape
./wingding_word_images/word_284.png,elephant
./wingding_word_images/word_285.png,giraffe
./wingding_word_images/word_286.png,hat
./wingding_word_images/word_287.png,vase
./wingding_word_images/word_288.png,flower
./wingding_word_images/word_289.png,affect
./wingding_word_images/word_290.png,island
./wingding_word_images/word_291.png,rose
./wingding_word_images/word_292.png,kangaroo
./wingding_word_images/word_293.png,pencil
./wingding_word_images/word_294.png,rock
./wingding_word_images/word_295.png,jellyfish
./wingding_word_images/word_296.png,airplane
./wingding_word_images/word_297.png,elephant
./wingding_word_images/word_298.png,rose
./wingding_word_images/word_299.png,rose
./wingding_word_images/word_300.png,jungle
./wingding_word_images/word_301.png,x-ray
./wingding_word_images/word_302.png,helmet
./wingding_word_images/word_303.png,airport
./wingding_word_images/word_304.png,yellow
./wingding_word_images/word_305.png,address
./wingding_word_images/word_306.png,airport
./wingding_word_images/word_307.png,door
./wingding_word_images/word_308.png,advice
./wingding_word_images/word_309.png,zoo
./wingding_word_images/word_310.png,absent
./wingding_word_images/word_311.png,umbrella
./wingding_word_images/word_312.png,ice
./wingding_word_images/word_313.png,plum
./wingding_word_images/word_314.png,affect
./wingding_word_images/word_315.png,current
./wingding_word_images/word_316.png,vase
./wingding_word_images/word_317.png,pencil
./wingding_word_images/word_318.png,desk
./wingding_word_images/word_319.png,affect
./wingding_word_images/word_320.png,ability
./wingding_word_images/word_321.png,mountain
./wingding_word_images/word_322.png,college
./wingding_word_images/word_323.png,advice
./wingding_word_images/word_324.png,analysis
./wingding_word_images/word_325.png,elephant
./wingding_word_images/word_326.png,animal
./wingding_word_images/word_327.png,decision
./wingding_word_images/word_328.png,comment
./wingding_word_images/word_329.png,helmet
./wingding_word_images/word_330.png,quicksand
./wingding_word_images/word_331.png,answer
./wingding_word_images/word_332.png,helmet
./wingding_word_images/word_333.png,zebra
./wingding_word_images/word_334.png,hat
./wingding_word_images/word_335.png,apple
./wingding_word_images/word_336.png,unicorn
./wingding_word_images/word_337.png,quicksand
./wingding_word_images/word_338.png,yellow
./wingding_word_images/word_339.png,clear
./wingding_word_images/word_340.png,helmet
./wingding_word_images/word_341.png,fish
./wingding_word_images/word_342.png,absolute
./wingding_word_images/word_343.png,hat
./wingding_word_images/word_344.png,giraffe
./wingding_word_images/word_345.png,lemon
./wingding_word_images/word_346.png,chair
./wingding_word_images/word_347.png,zoo
./wingding_word_images/word_348.png,absolute
./wingding_word_images/word_349.png,fish
./wingding_word_images/word_350.png,yellow
./wingding_word_images/word_351.png,nut
./wingding_word_images/word_352.png,lamp
./wingding_word_images/word_353.png,absent
./wingding_word_images/word_354.png,unicorn
./wingding_word_images/word_355.png,table
./wingding_word_images/word_356.png,rabbit
./wingding_word_images/word_357.png,advance
./wingding_word_images/word_358.png,ice
./wingding_word_images/word_359.png,quicksand
./wingding_word_images/word_360.png,balance
./wingding_word_images/word_361.png,tiger
./wingding_word_images/word_362.png,orange
./wingding_word_images/word_363.png,camera
./wingding_word_images/word_364.png,x-ray
./wingding_word_images/word_365.png,lemon
./wingding_word_images/word_366.png,desk
./wingding_word_images/word_367.png,airport
./wingding_word_images/word_368.png,xylophone
./wingding_word_images/word_369.png,country
./wingding_word_images/word_370.png,hat
./wingding_word_images/word_371.png,flower
./wingding_word_images/word_372.png,whale
./wingding_word_images/word_373.png,accident
./wingding_word_images/word_374.png,country
./wingding_word_images/word_375.png,jacket
./wingding_word_images/word_376.png,whale
./wingding_word_images/word_377.png,dolphin
./wingding_word_images/word_378.png,x-ray
./wingding_word_images/word_379.png,rose
./wingding_word_images/word_380.png,address
./wingding_word_images/word_381.png,banana
./wingding_word_images/word_382.png,dolphin
./wingding_word_images/word_383.png,ice
./wingding_word_images/word_384.png,yarn
./wingding_word_images/word_385.png,business
./wingding_word_images/word_386.png,ability
./wingding_word_images/word_387.png,creation
./wingding_word_images/word_388.png,sunflower
./wingding_word_images/word_389.png,car
./wingding_word_images/word_390.png,sheep
./wingding_word_images/word_391.png,dog
./wingding_word_images/word_392.png,carrot
./wingding_word_images/word_393.png,parrot
./wingding_word_images/word_394.png,class
./wingding_word_images/word_395.png,activity
./wingding_word_images/word_396.png,access
./wingding_word_images/word_397.png,banana
./wingding_word_images/word_398.png,elephant
./wingding_word_images/word_399.png,vase
./wingding_word_images/word_400.png,lemon
./wingding_word_images/word_401.png,current
./wingding_word_images/word_402.png,yarn
./wingding_word_images/word_403.png,island
./wingding_word_images/word_404.png,dog
./wingding_word_images/word_405.png,elephant
./wingding_word_images/word_406.png,vampire
./wingding_word_images/word_407.png,airplane
./wingding_word_images/word_408.png,egg
./wingding_word_images/word_409.png,rose
./wingding_word_images/word_410.png,ice
./wingding_word_images/word_411.png,giraffe
./wingding_word_images/word_412.png,koala
./wingding_word_images/word_413.png,lemon
./wingding_word_images/word_414.png,attitude
./wingding_word_images/word_415.png,sheep
./wingding_word_images/word_416.png,eagle
./wingding_word_images/word_417.png,grape
./wingding_word_images/word_418.png,koala
./wingding_word_images/word_419.png,dog
./wingding_word_images/word_420.png,flower
./wingding_word_images/word_421.png,cycle
./wingding_word_images/word_422.png,agency
./wingding_word_images/word_423.png,access
./wingding_word_images/word_424.png,action
./wingding_word_images/word_425.png,plum
./wingding_word_images/word_426.png,unicorn
./wingding_word_images/word_427.png,xylophone
./wingding_word_images/word_428.png,current
./wingding_word_images/word_429.png,hat
./wingding_word_images/word_430.png,car
./wingding_word_images/word_431.png,fish
./wingding_word_images/word_432.png,rabbit
./wingding_word_images/word_433.png,yarn
./wingding_word_images/word_434.png,creation
./wingding_word_images/word_435.png,unicorn
./wingding_word_images/word_436.png,lamp
./wingding_word_images/word_437.png,unicorn
./wingding_word_images/word_438.png,sunflower
./wingding_word_images/word_439.png,lamp
./wingding_word_images/word_440.png,balance
./wingding_word_images/word_441.png,affect
./wingding_word_images/word_442.png,mountain
./wingding_word_images/word_443.png,nut
./wingding_word_images/word_444.png,zoo
./wingding_word_images/word_445.png,night
./wingding_word_images/word_446.png,whale
./wingding_word_images/word_447.png,absolute
./wingding_word_images/word_448.png,business
./wingding_word_images/word_449.png,current
./wingding_word_images/word_450.png,house
./wingding_word_images/word_451.png,jungle
./wingding_word_images/word_452.png,lemon
./wingding_word_images/word_453.png,giraffe
./wingding_word_images/word_454.png,octopus
./wingding_word_images/word_455.png,plum
./wingding_word_images/word_456.png,desk
./wingding_word_images/word_457.png,apple
./wingding_word_images/word_458.png,amazing
./wingding_word_images/word_459.png,unicorn
./wingding_word_images/word_460.png,jellyfish
./wingding_word_images/word_461.png,xylophone
./wingding_word_images/word_462.png,rabbit
./wingding_word_images/word_463.png,car
./wingding_word_images/word_464.png,airport
./wingding_word_images/word_465.png,jacket
./wingding_word_images/word_466.png,ancient
./wingding_word_images/word_467.png,airplane
./wingding_word_images/word_468.png,author
./wingding_word_images/word_469.png,author
./wingding_word_images/word_470.png,mountain
./wingding_word_images/word_471.png,absent
./wingding_word_images/word_472.png,orange
./wingding_word_images/word_473.png,kite
./wingding_word_images/word_474.png,x-ray
./wingding_word_images/word_475.png,chair
./wingding_word_images/word_476.png,access
./wingding_word_images/word_477.png,pencil
./wingding_word_images/word_478.png,ice
./wingding_word_images/word_479.png,orange
./wingding_word_images/word_480.png,ancient
./wingding_word_images/word_481.png,x-ray
./wingding_word_images/word_482.png,notebook
./wingding_word_images/word_483.png,nut
./wingding_word_images/word_484.png,whale
./wingding_word_images/word_485.png,island
./wingding_word_images/word_486.png,achieve
./wingding_word_images/word_487.png,decision
./wingding_word_images/word_488.png,jacket
./wingding_word_images/word_489.png,banana
./wingding_word_images/word_490.png,umbrella
./wingding_word_images/word_491.png,grape
./wingding_word_images/word_492.png,absolute
./wingding_word_images/word_493.png,believe
./wingding_word_images/word_494.png,activity
./wingding_word_images/word_495.png,apple
./wingding_word_images/word_496.png,rock
./wingding_word_images/word_497.png,adult
./wingding_word_images/word_498.png,umbrella
./wingding_word_images/word_499.png,class
./wingding_word_images/word_500.png,attitude
./wingding_word_images/word_501.png,tiger
./wingding_word_images/word_502.png,fish
./wingding_word_images/word_503.png,beauty
./wingding_word_images/word_504.png,rose
./wingding_word_images/word_505.png,helmet
./wingding_word_images/word_506.png,vampire
./wingding_word_images/word_507.png,island
./wingding_word_images/word_508.png,ice
./wingding_word_images/word_509.png,sunflower
./wingding_word_images/word_510.png,whale
./wingding_word_images/word_511.png,quicksand
./wingding_word_images/word_512.png,car
./wingding_word_images/word_513.png,koala
./wingding_word_images/word_514.png,vampire
./wingding_word_images/word_515.png,jellyfish
./wingding_word_images/word_516.png,unicorn
./wingding_word_images/word_517.png,album
./wingding_word_images/word_518.png,decision
./wingding_word_images/word_519.png,jacket
./wingding_word_images/word_520.png,mango
./wingding_word_images/word_521.png,elephant
./wingding_word_images/word_522.png,eagle
./wingding_word_images/word_523.png,banana
./wingding_word_images/word_524.png,umbrella
./wingding_word_images/word_525.png,lamp
./wingding_word_images/word_526.png,koala
./wingding_word_images/word_527.png,vampire
./wingding_word_images/word_528.png,mountain
./wingding_word_images/word_529.png,rose
./wingding_word_images/word_530.png,lemon
./wingding_word_images/word_531.png,tiger
./wingding_word_images/word_532.png,lamp
./wingding_word_images/word_533.png,ability
./wingding_word_images/word_534.png,ancient
./wingding_word_images/word_535.png,egg
./wingding_word_images/word_536.png,zoo
./wingding_word_images/word_537.png,advice
./wingding_word_images/word_538.png,current
./wingding_word_images/word_539.png,agency
./wingding_word_images/word_540.png,jungle
./wingding_word_images/word_541.png,pencil
./wingding_word_images/word_542.png,island
./wingding_word_images/word_543.png,ability
./wingding_word_images/word_544.png,elephant
./wingding_word_images/word_545.png,rose
./wingding_word_images/word_546.png,whale
./wingding_word_images/word_547.png,umbrella
./wingding_word_images/word_548.png,ability
./wingding_word_images/word_549.png,current
./wingding_word_images/word_550.png,academic
./wingding_word_images/word_551.png,strawberry
./wingding_word_images/word_552.png,absent
./wingding_word_images/word_553.png,jellyfish
./wingding_word_images/word_554.png,dog
./wingding_word_images/word_555.png,mountain
./wingding_word_images/word_556.png,comment
./wingding_word_images/word_557.png,dog
./wingding_word_images/word_558.png,desk
./wingding_word_images/word_559.png,car
./wingding_word_images/word_560.png,apple
./wingding_word_images/word_561.png,guitar
./wingding_word_images/word_562.png,balance
./wingding_word_images/word_563.png,yellow
./wingding_word_images/word_564.png,answer
./wingding_word_images/word_565.png,chair
./wingding_word_images/word_566.png,egg
./wingding_word_images/word_567.png,camera
./wingding_word_images/word_568.png,night
./wingding_word_images/word_569.png,curious
./wingding_word_images/word_570.png,animal
./wingding_word_images/word_571.png,house
./wingding_word_images/word_572.png,zebra
./wingding_word_images/word_573.png,grape
./wingding_word_images/word_574.png,elephant
./wingding_word_images/word_575.png,ancient
./wingding_word_images/word_576.png,airport
./wingding_word_images/word_577.png,car
./wingding_word_images/word_578.png,jellyfish
./wingding_word_images/word_579.png,advice
./wingding_word_images/word_580.png,customer
./wingding_word_images/word_581.png,door
./wingding_word_images/word_582.png,quicksand
./wingding_word_images/word_583.png,comment
./wingding_word_images/word_584.png,curious
./wingding_word_images/word_585.png,jungle
./wingding_word_images/word_586.png,airport
./wingding_word_images/word_587.png,dolphin
./wingding_word_images/word_588.png,guitar
./wingding_word_images/word_589.png,airplane
./wingding_word_images/word_590.png,fish
./wingding_word_images/word_591.png,current
./wingding_word_images/word_592.png,lemon
./wingding_word_images/word_593.png,yarn
./wingding_word_images/word_594.png,author
./wingding_word_images/word_595.png,advice
./wingding_word_images/word_596.png,hat
./wingding_word_images/word_597.png,cycle
./wingding_word_images/word_598.png,fish
./wingding_word_images/word_599.png,amazing
./wingding_word_images/word_600.png,giraffe
./wingding_word_images/word_601.png,access
./wingding_word_images/word_602.png,analysis
./wingding_word_images/word_603.png,account
./wingding_word_images/word_604.png,challenge
./wingding_word_images/word_605.png,dog
./wingding_word_images/word_606.png,orange
./wingding_word_images/word_607.png,zebra
./wingding_word_images/word_608.png,kangaroo
./wingding_word_images/word_609.png,hat
./wingding_word_images/word_610.png,accident
./wingding_word_images/word_611.png,banana
./wingding_word_images/word_612.png,night
./wingding_word_images/word_613.png,afford
./wingding_word_images/word_614.png,beauty
./wingding_word_images/word_615.png,hat
./wingding_word_images/word_616.png,challenge
./wingding_word_images/word_617.png,pencil
./wingding_word_images/word_618.png,notebook
./wingding_word_images/word_619.png,kangaroo
./wingding_word_images/word_620.png,afford
./wingding_word_images/word_621.png,afford
./wingding_word_images/word_622.png,academic
./wingding_word_images/word_623.png,x-ray
./wingding_word_images/word_624.png,apple
./wingding_word_images/word_625.png,eagle
./wingding_word_images/word_626.png,quilt
./wingding_word_images/word_627.png,elephant
./wingding_word_images/word_628.png,college
./wingding_word_images/word_629.png,mountain
./wingding_word_images/word_630.png,cycle
./wingding_word_images/word_631.png,balance
./wingding_word_images/word_632.png,car
./wingding_word_images/word_633.png,challenge
./wingding_word_images/word_634.png,pencil
./wingding_word_images/word_635.png,zoo
./wingding_word_images/word_636.png,action
./wingding_word_images/word_637.png,mango
./wingding_word_images/word_638.png,fish
./wingding_word_images/word_639.png,yellow
./wingding_word_images/word_640.png,challenge
./wingding_word_images/word_641.png,pencil
./wingding_word_images/word_642.png,absent
./wingding_word_images/word_643.png,current
./wingding_word_images/word_644.png,banana
./wingding_word_images/word_645.png,desk
./wingding_word_images/word_646.png,class
./wingding_word_images/word_647.png,window
./wingding_word_images/word_648.png,octopus
./wingding_word_images/word_649.png,giraffe
./wingding_word_images/word_650.png,tiger
./wingding_word_images/word_651.png,fish
./wingding_word_images/word_652.png,elephant
./wingding_word_images/word_653.png,guitar
./wingding_word_images/word_654.png,fish
./wingding_word_images/word_655.png,tiger
./wingding_word_images/word_656.png,octopus
./wingding_word_images/word_657.png,strawberry
./wingding_word_images/word_658.png,amazing
./wingding_word_images/word_659.png,nut
./wingding_word_images/word_660.png,giraffe
./wingding_word_images/word_661.png,current
./wingding_word_images/word_662.png,access
./wingding_word_images/word_663.png,whale
./wingding_word_images/word_664.png,border
./wingding_word_images/word_665.png,customer
./wingding_word_images/word_666.png,activity
./wingding_word_images/word_667.png,kangaroo
./wingding_word_images/word_668.png,decision
./wingding_word_images/word_669.png,adult
./wingding_word_images/word_670.png,access
./wingding_word_images/word_671.png,mountain
./wingding_word_images/word_672.png,clear
./wingding_word_images/word_673.png,zoo
./wingding_word_images/word_674.png,pencil
./wingding_word_images/word_675.png,achieve
./wingding_word_images/word_676.png,eagle
./wingding_word_images/word_677.png,pencil
./wingding_word_images/word_678.png,album
./wingding_word_images/word_679.png,class
./wingding_word_images/word_680.png,jellyfish
./wingding_word_images/word_681.png,mango
./wingding_word_images/word_682.png,vase
./wingding_word_images/word_683.png,whale
./wingding_word_images/word_684.png,dog
./wingding_word_images/word_685.png,whale
./wingding_word_images/word_686.png,apple
./wingding_word_images/word_687.png,quilt
./wingding_word_images/word_688.png,desk
./wingding_word_images/word_689.png,sunflower
./wingding_word_images/word_690.png,volcano
./wingding_word_images/word_691.png,eagle
./wingding_word_images/word_692.png,achieve
./wingding_word_images/word_693.png,answer
./wingding_word_images/word_694.png,x-ray
./wingding_word_images/word_695.png,koala
./wingding_word_images/word_696.png,ancient
./wingding_word_images/word_697.png,xylophone
./wingding_word_images/word_698.png,island
./wingding_word_images/word_699.png,business
./wingding_word_images/word_700.png,airport
./wingding_word_images/word_701.png,afford
./wingding_word_images/word_702.png,airport
./wingding_word_images/word_703.png,absent
./wingding_word_images/word_704.png,island
./wingding_word_images/word_705.png,jungle
./wingding_word_images/word_706.png,attitude
./wingding_word_images/word_707.png,animal
./wingding_word_images/word_708.png,guitar
./wingding_word_images/word_709.png,affect
./wingding_word_images/word_710.png,table
./wingding_word_images/word_711.png,whale
./wingding_word_images/word_712.png,plum
./wingding_word_images/word_713.png,mango
./wingding_word_images/word_714.png,airplane
./wingding_word_images/word_715.png,zoo
./wingding_word_images/word_716.png,carrot
./wingding_word_images/word_717.png,clear
./wingding_word_images/word_718.png,desk
./wingding_word_images/word_719.png,flower
./wingding_word_images/word_720.png,author
./wingding_word_images/word_721.png,grape
./wingding_word_images/word_722.png,class
./wingding_word_images/word_723.png,analysis
./wingding_word_images/word_724.png,address
./wingding_word_images/word_725.png,lemon
./wingding_word_images/word_726.png,challenge
./wingding_word_images/word_727.png,mango
./wingding_word_images/word_728.png,pencil
./wingding_word_images/word_729.png,clear
./wingding_word_images/word_730.png,accident
./wingding_word_images/word_731.png,flower
./wingding_word_images/word_732.png,pencil
./wingding_word_images/word_733.png,zoo
./wingding_word_images/word_734.png,vase
./wingding_word_images/word_735.png,country
./wingding_word_images/word_736.png,apple
./wingding_word_images/word_737.png,x-ray
./wingding_word_images/word_738.png,strawberry
./wingding_word_images/word_739.png,answer
./wingding_word_images/word_740.png,rabbit
./wingding_word_images/word_741.png,jacket
./wingding_word_images/word_742.png,country
./wingding_word_images/word_743.png,house
./wingding_word_images/word_744.png,helmet
./wingding_word_images/word_745.png,access
./wingding_word_images/word_746.png,helmet
./wingding_word_images/word_747.png,mountain
./wingding_word_images/word_748.png,mango
./wingding_word_images/word_749.png,elephant
./wingding_word_images/word_750.png,quilt
./wingding_word_images/word_751.png,apple
./wingding_word_images/word_752.png,beauty
./wingding_word_images/word_753.png,quilt
./wingding_word_images/word_754.png,strawberry
./wingding_word_images/word_755.png,unicorn
./wingding_word_images/word_756.png,creation
./wingding_word_images/word_757.png,animal
./wingding_word_images/word_758.png,house
./wingding_word_images/word_759.png,zebra
./wingding_word_images/word_760.png,current
./wingding_word_images/word_761.png,analysis
./wingding_word_images/word_762.png,access
./wingding_word_images/word_763.png,notebook
./wingding_word_images/word_764.png,analysis
./wingding_word_images/word_765.png,dog
./wingding_word_images/word_766.png,guitar
./wingding_word_images/word_767.png,zebra
./wingding_word_images/word_768.png,night
./wingding_word_images/word_769.png,vase
./wingding_word_images/word_770.png,vampire
./wingding_word_images/word_771.png,sunflower
./wingding_word_images/word_772.png,zebra
./wingding_word_images/word_773.png,absolute
./wingding_word_images/word_774.png,quicksand
./wingding_word_images/word_775.png,business
./wingding_word_images/word_776.png,elephant
./wingding_word_images/word_777.png,mango
./wingding_word_images/word_778.png,xylophone
./wingding_word_images/word_779.png,banana
./wingding_word_images/word_780.png,college
./wingding_word_images/word_781.png,absolute
./wingding_word_images/word_782.png,island
./wingding_word_images/word_783.png,yellow
./wingding_word_images/word_784.png,current
./wingding_word_images/word_785.png,desk
./wingding_word_images/word_786.png,night
./wingding_word_images/word_787.png,banana
./wingding_word_images/word_788.png,balance
./wingding_word_images/word_789.png,orange
./wingding_word_images/word_790.png,advice
./wingding_word_images/word_791.png,notebook
./wingding_word_images/word_792.png,volcano
./wingding_word_images/word_793.png,zebra
./wingding_word_images/word_794.png,helmet
./wingding_word_images/word_795.png,island
./wingding_word_images/word_796.png,advice
./wingding_word_images/word_797.png,unicorn
./wingding_word_images/word_798.png,yellow
./wingding_word_images/word_799.png,whale
./wingding_word_images/word_800.png,quicksand
./wingding_word_images/word_801.png,hat
./wingding_word_images/word_802.png,helmet
./wingding_word_images/word_803.png,island
./wingding_word_images/word_804.png,afford
./wingding_word_images/word_805.png,analysis
./wingding_word_images/word_806.png,jungle
./wingding_word_images/word_807.png,zoo
./wingding_word_images/word_808.png,plum
./wingding_word_images/word_809.png,chair
./wingding_word_images/word_810.png,eagle
./wingding_word_images/word_811.png,grape
./wingding_word_images/word_812.png,agency
./wingding_word_images/word_813.png,eagle
./wingding_word_images/word_814.png,helmet
./wingding_word_images/word_815.png,koala
./wingding_word_images/word_816.png,mango
./wingding_word_images/word_817.png,affect
./wingding_word_images/word_818.png,whale
./wingding_word_images/word_819.png,kite
./wingding_word_images/word_820.png,door
./wingding_word_images/word_821.png,dog
./wingding_word_images/word_822.png,yellow
./wingding_word_images/word_823.png,hat
./wingding_word_images/word_824.png,island
./wingding_word_images/word_825.png,hat
./wingding_word_images/word_826.png,balance
./wingding_word_images/word_827.png,elephant
./wingding_word_images/word_828.png,apple
./wingding_word_images/word_829.png,eagle
./wingding_word_images/word_830.png,animal
./wingding_word_images/word_831.png,notebook
./wingding_word_images/word_832.png,absent
./wingding_word_images/word_833.png,accident
./wingding_word_images/word_834.png,xylophone
./wingding_word_images/word_835.png,octopus
./wingding_word_images/word_836.png,mountain
./wingding_word_images/word_837.png,fish
./wingding_word_images/word_838.png,island
./wingding_word_images/word_839.png,umbrella
./wingding_word_images/word_840.png,album
./wingding_word_images/word_841.png,orange
./wingding_word_images/word_842.png,careful
./wingding_word_images/word_843.png,lemon
./wingding_word_images/word_844.png,dog
./wingding_word_images/word_845.png,tiger
./wingding_word_images/word_846.png,ice
./wingding_word_images/word_847.png,absent
./wingding_word_images/word_848.png,mango
./wingding_word_images/word_849.png,xylophone
./wingding_word_images/word_850.png,mango
./wingding_word_images/word_851.png,mango
./wingding_word_images/word_852.png,college
./wingding_word_images/word_853.png,table
./wingding_word_images/word_854.png,absolute
./wingding_word_images/word_855.png,strawberry
./wingding_word_images/word_856.png,island
./wingding_word_images/word_857.png,comment
./wingding_word_images/word_858.png,quilt
./wingding_word_images/word_859.png,creation
./wingding_word_images/word_860.png,activity
./wingding_word_images/word_861.png,zebra
./wingding_word_images/word_862.png,cycle
./wingding_word_images/word_863.png,whale
./wingding_word_images/word_864.png,egg
./wingding_word_images/word_865.png,hat
./wingding_word_images/word_866.png,advice
./wingding_word_images/word_867.png,account
./wingding_word_images/word_868.png,beauty
./wingding_word_images/word_869.png,agency
./wingding_word_images/word_870.png,airplane
./wingding_word_images/word_871.png,whale
./wingding_word_images/word_872.png,banana
./wingding_word_images/word_873.png,zoo
./wingding_word_images/word_874.png,koala
./wingding_word_images/word_875.png,volcano
./wingding_word_images/word_876.png,elephant
./wingding_word_images/word_877.png,fish
./wingding_word_images/word_878.png,creation
./wingding_word_images/word_879.png,carrot
./wingding_word_images/word_880.png,hat
./wingding_word_images/word_881.png,vampire
./wingding_word_images/word_882.png,giraffe
./wingding_word_images/word_883.png,airplane
./wingding_word_images/word_884.png,comment
./wingding_word_images/word_885.png,x-ray
./wingding_word_images/word_886.png,whale
./wingding_word_images/word_887.png,chair
./wingding_word_images/word_888.png,advance
./wingding_word_images/word_889.png,adult
./wingding_word_images/word_890.png,helmet
./wingding_word_images/word_891.png,airport
./wingding_word_images/word_892.png,tiger
./wingding_word_images/word_893.png,egg
./wingding_word_images/word_894.png,ability
./wingding_word_images/word_895.png,album
./wingding_word_images/word_896.png,night
./wingding_word_images/word_897.png,flower
./wingding_word_images/word_898.png,current
./wingding_word_images/word_899.png,vampire
./wingding_word_images/word_900.png,analysis
./wingding_word_images/word_901.png,attitude
./wingding_word_images/word_902.png,carrot
./wingding_word_images/word_903.png,yarn
./wingding_word_images/word_904.png,curious
./wingding_word_images/word_905.png,zebra
./wingding_word_images/word_906.png,octopus
./wingding_word_images/word_907.png,kite
./wingding_word_images/word_908.png,lemon
./wingding_word_images/word_909.png,country
./wingding_word_images/word_910.png,car
./wingding_word_images/word_911.png,elephant
./wingding_word_images/word_912.png,dolphin
./wingding_word_images/word_913.png,night
./wingding_word_images/word_914.png,dog
./wingding_word_images/word_915.png,camera
./wingding_word_images/word_916.png,vampire
./wingding_word_images/word_917.png,dog
./wingding_word_images/word_918.png,orange
./wingding_word_images/word_919.png,adult
./wingding_word_images/word_920.png,dolphin
./wingding_word_images/word_921.png,airplane
./wingding_word_images/word_922.png,access
./wingding_word_images/word_923.png,customer
./wingding_word_images/word_924.png,xylophone
./wingding_word_images/word_925.png,beauty
./wingding_word_images/word_926.png,pencil
./wingding_word_images/word_927.png,jacket
./wingding_word_images/word_928.png,rose
./wingding_word_images/word_929.png,customer
./wingding_word_images/word_930.png,volcano
./wingding_word_images/word_931.png,eagle
./wingding_word_images/word_932.png,ice
./wingding_word_images/word_933.png,kangaroo
./wingding_word_images/word_934.png,attitude
./wingding_word_images/word_935.png,rabbit
./wingding_word_images/word_936.png,umbrella
./wingding_word_images/word_937.png,absent
./wingding_word_images/word_938.png,access
./wingding_word_images/word_939.png,animal
./wingding_word_images/word_940.png,academic
./wingding_word_images/word_941.png,hat
./wingding_word_images/word_942.png,window
./wingding_word_images/word_943.png,volcano
./wingding_word_images/word_944.png,tiger
./wingding_word_images/word_945.png,plum
./wingding_word_images/word_946.png,ability
./wingding_word_images/word_947.png,desk
./wingding_word_images/word_948.png,college
./wingding_word_images/word_949.png,vampire
./wingding_word_images/word_950.png,beauty
./wingding_word_images/word_951.png,night
./wingding_word_images/word_952.png,xylophone
./wingding_word_images/word_953.png,camera
./wingding_word_images/word_954.png,door
./wingding_word_images/word_955.png,yarn
./wingding_word_images/word_956.png,grape
./wingding_word_images/word_957.png,tiger
./wingding_word_images/word_958.png,airport
./wingding_word_images/word_959.png,zebra
./wingding_word_images/word_960.png,jungle
./wingding_word_images/word_961.png,afford
./wingding_word_images/word_962.png,quicksand
./wingding_word_images/word_963.png,business
./wingding_word_images/word_964.png,egg
./wingding_word_images/word_965.png,chair
./wingding_word_images/word_966.png,cycle
./wingding_word_images/word_967.png,plum
./wingding_word_images/word_968.png,advice
./wingding_word_images/word_969.png,rock
./wingding_word_images/word_970.png,tiger
./wingding_word_images/word_971.png,plum
./wingding_word_images/word_972.png,ancient
./wingding_word_images/word_973.png,octopus
./wingding_word_images/word_974.png,decision
./wingding_word_images/word_975.png,rabbit
./wingding_word_images/word_976.png,mango
./wingding_word_images/word_977.png,yarn
./wingding_word_images/word_978.png,affect
./wingding_word_images/word_979.png,whale
./wingding_word_images/word_980.png,affect
./wingding_word_images/word_981.png,zebra
./wingding_word_images/word_982.png,account
./wingding_word_images/word_983.png,absolute
./wingding_word_images/word_984.png,umbrella
./wingding_word_images/word_985.png,mountain
./wingding_word_images/word_986.png,quicksand
./wingding_word_images/word_987.png,xylophone
./wingding_word_images/word_988.png,dog
./wingding_word_images/word_989.png,chair
./wingding_word_images/word_990.png,apple
./wingding_word_images/word_991.png,tiger
./wingding_word_images/word_992.png,door
./wingding_word_images/word_993.png,window
./wingding_word_images/word_994.png,parrot
./wingding_word_images/word_995.png,dog
./wingding_word_images/word_996.png,fish
./wingding_word_images/word_997.png,island
./wingding_word_images/word_998.png,quilt
./wingding_word_images/word_999.png,country
./wingding_word_images/word_1000.png,agency
